{
  "project_info": {
    "project_number": "1672980305",
    "firebase_url": "https://blogger-adda.firebaseio.com",
    "project_id": "blogger-adda",
    "storage_bucket": "blogger-adda.appspot.com"
  },
  "client": [
    {
      "client_info": {
        "mobilesdk_app_id": "1:1672980305:android:06f8263d93507547c3d570",
        "android_client_info": {
          "package_name": "com.example.bloggeradda"
        }
      },
      "oauth_client": [
        {
          "client_id": "1672980305-0ck17fehripe4u4bnfgr1hdifn5vvv89.apps.googleusercontent.com",
          "client_type": 1,
          "android_info": {
            "package_name": "com.example.bloggeradda",
            "certificate_hash": "2def1948bd5e3e8b3cab366180fe3e7b7393a4d2"
          }
        },
        {
          "client_id": "1672980305-bcrqbf9f3474hvbnv7b0dclbn9l0q962.apps.googleusercontent.com",
          "client_type": 3
        }
      ],
      "api_key": [
        {
          "current_key": "AIzaSyDO7aW4HgKJbZZgeXibTMnVyR9FpNAImbo"
        }
      ],
      "services": {
        "appinvite_service": {
          "other_platform_oauth_client": [
            {
              "client_id": "1672980305-bcrqbf9f3474hvbnv7b0dclbn9l0q962.apps.googleusercontent.com",
              "client_type": 3
            }
          ]
        }
      }
    }
  ],
  "configuration_version": "1"
}